{"accuracy": 0.9666666666666667, "report": {"0": {"precision": 1.0, "recall": 1.0, "f1-score": 1.0, "support": 9.0}, "1": {"precision": 1.0, "recall": 0.9230769230769231, "f1-score": 0.9600000000000001, "support": 13.0}, "2": {"precision": 0.8888888888888888, "recall": 1.0, "f1-score": 0.9411764705882353, "support": 8.0}, "accuracy": 0.9666666666666667, "macro avg": {"precision": 0.9629629629629629, "recall": 0.9743589743589745, "f1-score": 0.9670588235294119, "support": 30.0}, "weighted avg": {"precision": 0.9703703703703703, "recall": 0.9666666666666667, "f1-score": 0.9669803921568627, "support": 30.0}}}